Workbook
Name Slicer_Category: #N/A
Name Slicer_Region: #N/A

Sheet Master
A1: Product_ID | B1: Product_Name | C1: Category | D1: Unit_Price
A2: P-101 | B2: Eco Mouse | C2: Electronics | D2: 500
A3: P-102 | B3: Pro Keyboard | C3: Electronics | D3: 1200
A4: P-103 | B4: Ergo Chair | C4: Furniture | D4: 5500
A5: P-104 | B5: LED Lamp | C5: Furniture | D5: 900
A6: P-105 | B6: Notebook Set | C6: Stationery | D6: 150
A7: P-106 | B7: Monitor 24in | C7: Electronics | D7: 12000
A8: P-107 | B8: Whiteboard | C8: Stationery | D8: 2500

Sheet North
A1: Date | B1: Region | C1: Product_ID | D1: Qty
A2: 45992 | B2: North | C2: P-101 | D2: 12
A3: 45992 | B3: North | C3: P-102 | D3: 5
A4: 45992 | B4: North | C4: P-106 | D4: 2
A5: 45993 | B5: North | C5: P-105 | D5: 50
A6: 45993 | B6: North | C6: P-101 | D6: 8
A7: 45994 | B7: North | C7: P-103 | D7: 1
A8: 45994 | B8: North | C8: P-104 | D8: 10
A9: 45995 | B9: North | C9: P-102 | D9: 6
A10: 45995 | B10: North | C10: P-106 | D10: 3
A11: 45996 | B11: North | C11: P-101 | D11: 15
A12: 45996 | B12: North | C12: P-107 | D12: 4
A13: 45997 | B13: North | C13: P-103 | D13: 2
... A23: 46003 | B23: North | C23: P-101 | D23: 25

Sheet South
A1: Date | B1: Region | C1: Product_ID | D1: Qty
A2: 45992 | B2: South | C2: P-103 | D2: 5
A3: 45992 | B3: South | C3: P-104 | D3: 15
A4: 45993 | B4: South | C4: P-103 | D4: 4
A5: 45994 | B5: South | C5: P-101 | D5: 10
A6: 45994 | B6: South | C6: P-107 | D6: 8
A7: 45995 | B7: South | C7: P-103 | D7: 6
A8: 45996 | B8: South | C8: P-104 | D8: 20
A9: 45996 | B9: South | C9: P-102 | D9: 5
A10: 45997 | B10: South | C10: P-103 | D10: 8
A11: 45998 | B11: South | C11: P-106 | D11: 1
A12: 45999 | B12: South | C12: P-103 | D12: 5
A13: 45999 | B13: South | C13: P-104 | D13: 25
... A19: 46003 | B19: South | C19: P-106 | D19: 2

Sheet West
A1: Date | B1: Region | C1: Product_ID | D1: Qty
A2: 45993 | B2: West | C2: P-105 | D2: 100
A3: 45993 | B3: West | C3: P-107 | D3: 10
A4: 45994 | B4: West | C4: P-101 | D4: 15
A5: 45994 | B5: West | C5: P-102 | D5: 8
A6: 45995 | B6: West | C6: P-105 | D6: 150
A7: 45996 | B7: West | C7: P-104 | D7: 5
A8: 45997 | B8: West | C8: P-103 | D8: 2
A9: 45997 | B9: West | C9: P-105 | D9: 80
A10: 45998 | B10: West | C10: P-101 | D10: 12
A11: 45999 | B11: West | C11: P-107 | D11: 15
A12: 46000 | B12: West | C12: P-105 | D12: 200
A13: 46000 | B13: West | C13: P-102 | D13: 6
... A17: 46003 | B17: West | C17: P-106 | D17: 3

Sheet ALL_DATA
A1: Date | B1: Region | C1: Product_ID | D1: Qty | E1: Product | F1: Category | G1: Revenue
A2: 45992 | B2: North | C2: P-101 | D2: 12 | E2: =VLOOKUP(Table2[[#This Row],[Product_ID]],Master!$A$2:$D$8,2,FALSE) -> Eco Mouse | F2: =VLOOKUP(Table2[[#This Row],[Product_ID]],Master!$A$2:$D$8,3,FALSE) -> Electronics | G2: =VLOOKUP(Table2[[#This Row],[Product_ID]],Master!$A$2:$D$8,4,FALSE) -> 500
A3: 45992 | B3: North | C3: P-102 | D3: 5 | E3: =VLOOKUP(Table2[[#This Row],[Product_ID]],Master!$A$2:$D$8,2,FALSE) -> Pro Keyboard | F3: =VLOOKUP(Table2[[#This Row],[Product_ID]],Master!$A$2:$D$8,3,FALSE) -> Electronics | G3: =VLOOKUP(Table2[[#This Row],[Product_ID]],Master!$A$2:$D$8,4,FALSE) -> 1200
A4: 45992 | B4: North | C4: P-106 | D4: 2 | E4: =VLOOKUP(Table2[[#This Row],[Product_ID]],Master!$A$2:$D$8,2,FALSE) -> Monitor 24in | F4: =VLOOKUP(Table2[[#This Row],[Product_ID]],Master!$A$2:$D$8,3,FALSE) -> Electronics | G4: =VLOOKUP(Table2[[#This Row],[Product_ID]],Master!$A$2:$D$8,4,FALSE) -> 12000
A5: 45993 | B5: North | C5: P-105 | D5: 50 | E5: =VLOOKUP(Table2[[#This Row],[Product_ID]],Master!$A$2:$D$8,2,FALSE) -> Notebook Set | F5: =VLOOKUP(Table2[[#This Row],[Product_ID]],Master!$A$2:$D$8,3,FALSE) -> Stationery | G5: =VLOOKUP(Table2[[#This Row],[Product_ID]],Master!$A$2:$D$8,4,FALSE) -> 150
A6: 45993 | B6: North | C6: P-101 | D6: 8 | E6: =VLOOKUP(Table2[[#This Row],[Product_ID]],Master!$A$2:$D$8,2,FALSE) -> Eco Mouse | F6: =VLOOKUP(Table2[[#This Row],[Product_ID]],Master!$A$2:$D$8,3,FALSE) -> Electronics | G6: =VLOOKUP(Table2[[#This Row],[Product_ID]],Master!$A$2:$D$8,4,FALSE) -> 500
A7: 45994 | B7: North | C7: P-103 | D7: 1 | E7: =VLOOKUP(Table2[[#This Row],[Product_ID]],Master!$A$2:$D$8,2,FALSE) -> Ergo Chair | F7: =VLOOKUP(Table2[[#This Row],[Product_ID]],Master!$A$2:$D$8,3,FALSE) -> Furniture | G7: =VLOOKUP(Table2[[#This Row],[Product_ID]],Master!$A$2:$D$8,4,FALSE) -> 5500
A8: 45994 | B8: North | C8: P-104 | D8: 10 | E8: =VLOOKUP(Table2[[#This Row],[Product_ID]],Master!$A$2:$D$8,2,FALSE) -> LED Lamp | F8: =VLOOKUP(Table2[[#This Row],[Product_ID]],Master!$A$2:$D$8,3,FALSE) -> Furniture | G8: =VLOOKUP(Table2[[#This Row],[Product_ID]],Master!$A$2:$D$8,4,FALSE) -> 900
A9: 45995 | B9: North | C9: P-102 | D9: 6 | E9: =VLOOKUP(Table2[[#This Row],[Product_ID]],Master!$A$2:$D$8,2,FALSE) -> Pro Keyboard | F9: =VLOOKUP(Table2[[#This Row],[Product_ID]],Master!$A$2:$D$8,3,FALSE) -> Electronics | G9: =VLOOKUP(Table2[[#This Row],[Product_ID]],Master!$A$2:$D$8,4,FALSE) -> 1200
A10: 45995 | B10: North | C10: P-106 | D10: 3 | E10: =VLOOKUP(Table2[[#This Row],[Product_ID]],Master!$A$2:$D$8,2,FALSE) -> Monitor 24in | F10: =VLOOKUP(Table2[[#This Row],[Product_ID]],Master!$A$2:$D$8,3,FALSE) -> Electronics | G10: =VLOOKUP(Table2[[#This Row],[Product_ID]],Master!$A$2:$D$8,4,FALSE) -> 12000
A11: 45996 | B11: North | C11: P-101 | D11: 15 | E11: =VLOOKUP(Table2[[#This Row],[Product_ID]],Master!$A$2:$D$8,2,FALSE) -> Eco Mouse | F11: =VLOOKUP(Table2[[#This Row],[Product_ID]],Master!$A$2:$D$8,3,FALSE) -> Electronics | G11: =VLOOKUP(Table2[[#This Row],[Product_ID]],Master!$A$2:$D$8,4,FALSE) -> 500
A12: 45996 | B12: North | C12: P-107 | D12: 4 | E12: =VLOOKUP(Table2[[#This Row],[Product_ID]],Master!$A$2:$D$8,2,FALSE) -> Whiteboard | F12: =VLOOKUP(Table2[[#This Row],[Product_ID]],Master!$A$2:$D$8,3,FALSE) -> Stationery | G12: =VLOOKUP(Table2[[#This Row],[Product_ID]],Master!$A$2:$D$8,4,FALSE) -> 2500
A13: 45997 | B13: North | C13: P-103 | D13: 2 | E13: =VLOOKUP(Table2[[#This Row],[Product_ID]],Master!$A$2:$D$8,2,FALSE) -> Ergo Chair | F13: =VLOOKUP(Table2[[#This Row],[Product_ID]],Master!$A$2:$D$8,3,FALSE) -> Furniture | G13: =VLOOKUP(Table2[[#This Row],[Product_ID]],Master!$A$2:$D$8,4,FALSE) -> 5500
... A57: 46003 | B57: West | C57: P-106 | D57: 3 | E57: =VLOOKUP(Table2[[#This Row],[Product_ID]],Master!$A$2:$D$8,2,FALSE) -> Monitor 24in | F57: =VLOOKUP(Table2[[#This Row],[Product_ID]],Master!$A$2:$D$8,3,FALSE) -> Electronics | G57: =VLOOKUP(Table2[[#This Row],[Product_ID]],Master!$A$2:$D$8,4,FALSE) -> 12000

Sheet Pivot_Engine
A6: Row Labels | B6: Sum of Revenue | E6: Row Labels | F6: Sum of Revenue
A7: North | B7: 76550 | E7: Electronics | F7: 98100
A8: South | B8: 71650 | E8: Furniture | F8: 67700
A9: West | B9: 28950 | E9: Stationery | F9: 11350
A10: Grand Total | B10: 177150 | E10: Grand Total | F10: 177150

Sheet Dashboard
